<?xml version="1.0" encoding="UTF-8" standalone="yes"?>
<addon id=“Kitina.repository” name=“Kitina Repo" version="1.1.0" provider-name="Leon Branco">
<extension point="xbmc.addon.repository" name=“Kitina Repo">
<info compressed="false">http://raw.github.com/MagellanMagellan/Kitina.repository/master/addons.xml</info>
<checksum>http://raw.github.com/MagellanMagellan/Kitina.repository/master/addons.xml.md5</checksum>
<datadir zip="true">http://raw.github.com/MagellanMagellan/Kitina.repository/master/repo</datadir>
</extension>
<extension point="xbmc.addon.metadata">
<summary>Kitina Repo</summary>
<description>Lista de canais Magellan</description>
<disclaimer></disclaimer>
<platform>all</platform>
</extension>
</addon>